description,label
Major accident on Ring Road. Bus overturned carrying 48 passengers. Multiple casualties reported.,Highly Critical
Oil tanker fire on Mumbai-Pune Expressway. Thick black smoke visible for miles. 6 firefighters also injured in rescue.,Highly Critical
Drunk driver crashed into bus stop on Kolkata-Delhi Highway. 14 people killed. Several more in critical condition.,Highly Critical
"Fatal accident on Pune-Bangalore Highway. Vehicle caught fire after collision. 22 dead, 5 people trapped.",Highly Critical
Minor bump between school van and wall at City Mall. No children on board. Driver is fine.,Moderate
Pedestrians hit by speeding truck on Hosur Road. 13 people critically injured including children. Blood on road.,Highly Critical
Truck overturned on Eastern Express Highway spilling hazardous chemicals. Area evacuation in progress. 18 people affected.,Highly Critical
"Low-speed collision in traffic jam on Kolkata-Delhi Highway. Bumper to bumper touch. No injuries, minimal damage.",Moderate
Slow-speed rear-end hit at NH7 toll plaza. Minor scratch. No injury. Both drivers exchanging information.,Moderate
Head-on collision between truck and car on Noida Expressway. 5 critically injured. Fuel leaking from tanker.,Highly Critical
Auto-rickshaw and car minor scrape on Western Express Highway. Slight mirror damage. Both drivers arguing but uninjured.,Moderate
"School bus accident on Pune-Bangalore Highway. Children trapped inside overturned bus. 23 injuries, parents rushing to scene.",Highly Critical
Vehicle rolled backward slightly on NH44 slope. Tapped car behind. Tiny dent. No injuries at all.,Moderate
Car went over speed bump too fast on Yamuna Expressway. Scraping sound underneath. No collision. Car seems fine.,Moderate
Car door opened into passing cyclist on Western Express Highway. Cyclist has minor elbow scratch. No serious injury.,Moderate
Cement mixer overturned on Mumbai-Pune Expressway landing on a car. 20 people crushed. Heavy crane needed to lift.,Highly Critical
Branch scratch on car roof on Station Road. Cosmetic damage only. No personnel injury. Owner annoyed.,Moderate
Parking lot accident at Market Area. Car reversed into another vehicle. Paint scratches only. No injuries.,Moderate
Cement mixer overturned on Agra-Lucknow Expressway landing on a car. 22 people crushed. Heavy crane needed to lift.,Highly Critical
Major landslide on Western Express Highway burying 10 vehicles. 13 people missing. Heavy rescue equipment needed.,Highly Critical
Tree branch fell on parked car at Bypass Road. Windshield cracked. No one inside. Owner filing insurance.,Moderate
Car stalled and was lightly bumped from behind on Yamuna Expressway. No injuries. Mechanic called for tow.,Moderate
Bike skidded on Eastern Express Highway due to oil spill. Rider has minor scratches. No other vehicles involved.,Moderate
Pothole caused tire burst on Industrial Area Road. Vehicle pulled over safely. No collision. Waiting for replacement.,Moderate
"Hit and run on Bandra-Worli Sea Link. Victim dragged 900 meters. Critical injuries, massive internal bleeding.",Highly Critical
Car stalled and was lightly bumped from behind on Outer Ring Road. No injuries. Mechanic called for tow.,Moderate
Vehicle hit a stray dog on Hosur Road. Minor bumper damage. Animal ran away. Driver stopped to check.,Moderate
"Fatal accident on Agra-Lucknow Expressway. Vehicle caught fire after collision. 19 dead, 3 people trapped.",Highly Critical
Minor accident at parking garage at Commercial District. Scraped pillar while turning. No other vehicle involved.,Moderate
Branch scratch on car roof on GT Road. Cosmetic damage only. No personnel injury. Owner annoyed.,Moderate
"Hit and run on Eastern Express Highway. Victim dragged 900 meters. Critical injuries, massive internal bleeding.",Highly Critical
Auto-rickshaw and car minor scrape on Eastern Express Highway. Slight mirror damage. Both drivers arguing but uninjured.,Moderate
Explosion at accident site on GT Road after fuel tanker collision. Fire spreading rapidly. 18 casualties.,Highly Critical
Oil tanker fire on MG Road. Thick black smoke visible for miles. 17 firefighters also injured in rescue.,Highly Critical
Electric scooter tipped over on Ring Road. Rider unhurt but scooter has broken footrest. No collision.,Moderate
Car door opened into passing cyclist on NH44. Cyclist has minor elbow scratch. No serious injury.,Moderate
Bridge collapse on Station Road due to heavy vehicle overload. Multiple vehicles fallen. 24 people trapped below.,Highly Critical
Vehicle hit a stray dog on Yamuna Expressway. Minor bumper damage. Animal ran away. Driver stopped to check.,Moderate
Pothole caused tire burst on Station Road. Vehicle pulled over safely. No collision. Waiting for replacement.,Moderate
Vehicle rolled backward slightly on Noida Expressway slope. Tapped car behind. Tiny dent. No injuries at all.,Moderate
Minor accident at parking garage at Shopping Complex. Scraped pillar while turning. No other vehicle involved.,Moderate
Head-on collision between truck and car on Bandra-Worli Sea Link. 4 critically injured. Fuel leaking from tanker.,Highly Critical
Branch scratch on car roof on MG Road. Cosmetic damage only. No personnel injury. Owner annoyed.,Moderate
Taxi and auto minor touch at NH48 corner. Both vehicles operational. Passengers unhurt. Horn argument ongoing.,Moderate
Explosion at accident site on GT Road after fuel tanker collision. Fire spreading rapidly. 13 casualties.,Highly Critical
Explosion at accident site on Bandra-Worli Sea Link after fuel tanker collision. Fire spreading rapidly. 4 casualties.,Highly Critical
Small accident on Western Express Highway. Rear-end collision at traffic signal. Minor damage to bumpers. Drivers exchanging details.,Moderate
Explosion at accident site on Eastern Express Highway after fuel tanker collision. Fire spreading rapidly. 9 casualties.,Highly Critical
Branch scratch on car roof on NH48. Cosmetic damage only. No personnel injury. Owner annoyed.,Moderate
Taxi and auto minor touch at Western Express Highway corner. Both vehicles operational. Passengers unhurt. Horn argument ongoing.,Moderate
Water tanker brushed against parked car on Nagpur-Hyderabad Highway. Side panel scratch. No occupants in parked car.,Moderate
Small accident on Hosur Road. Rear-end collision at traffic signal. Minor damage to bumpers. Drivers exchanging details.,Moderate
Multi-car collision in tunnel on Agra-Lucknow Expressway. Fire and smoke filling tunnel. 5 people unconscious from smoke.,Highly Critical
Taxi and auto minor touch at Noida Expressway corner. Both vehicles operational. Passengers unhurt. Horn argument ongoing.,Moderate
Pedestrians hit by speeding truck on Noida Expressway. 6 people critically injured including children. Blood on road.,Highly Critical
Minor fender bender on NH48. Two cars involved. No injuries reported. Traffic slightly affected.,Moderate
Car stalled and was lightly bumped from behind on Western Express Highway. No injuries. Mechanic called for tow.,Moderate
Gas tanker explosion on Chennai-Bangalore Highway. Massive fire engulfing nearby vehicles. 21 feared dead. Evacuation underway.,Highly Critical
Minor bump between school van and wall at Residential Colony. No children on board. Driver is fine.,Moderate
Truck side-view mirror hit signboard on Station Road. Mirror cracked. No other damage. Driver continued.,Moderate
Cement mixer overturned on Agra-Lucknow Expressway landing on a car. 11 people crushed. Heavy crane needed to lift.,Highly Critical
Highway pileup of 11 cars on Eastern Express Highway due to fog. 25 people injured across multiple vehicles.,Highly Critical
Pothole caused tire burst on Mumbai-Pune Expressway. Vehicle pulled over safely. No collision. Waiting for replacement.,Moderate
Ambulance carrying patients crashed on Ahmedabad-Vadodara Expressway. 23 people now critical. Both original and new patients affected.,Highly Critical
Car door opened into passing cyclist on Hosur Road. Cyclist has minor elbow scratch. No serious injury.,Moderate
Minor fender bender on Industrial Area Road. Two cars involved. No injuries reported. Traffic slightly affected.,Moderate
Cyclist fell after hitting pothole on Ring Road. Minor knee scrape. Cyclist walked away pushing bike.,Moderate
Head-on collision between truck and car on Agra-Lucknow Expressway. 12 critically injured. Fuel leaking from tanker.,Highly Critical
"Low-speed collision in traffic jam on Ring Road. Bumper to bumper touch. No injuries, minimal damage.",Moderate
Building debris fell on Chennai-Bangalore Highway after accident impact. 14 vehicles buried. 8 trapped in rubble.,Highly Critical
"Two buses collided head-on at Ahmedabad-Vadodara Expressway. 26 passengers on board. Massive casualties, ambulances needed.",Highly Critical
Minor accident at parking garage at University Campus. Scraped pillar while turning. No other vehicle involved.,Moderate
Auto-rickshaw and car minor scrape on Airport Road. Slight mirror damage. Both drivers arguing but uninjured.,Moderate
Cyclist fell after hitting pothole on Mumbai-Pune Expressway. Minor knee scrape. Cyclist walked away pushing bike.,Moderate
Bridge collapse on Pune-Bangalore Highway due to heavy vehicle overload. Multiple vehicles fallen. 24 people trapped below.,Highly Critical
Cyclist fell after hitting pothole on NH48. Minor knee scrape. Cyclist walked away pushing bike.,Moderate
Bridge collapse on Eastern Express Highway due to heavy vehicle overload. Multiple vehicles fallen. 12 people trapped below.,Highly Critical
Cyclist fell after hitting pothole on Yamuna Expressway. Minor knee scrape. Cyclist walked away pushing bike.,Moderate
Car stalled and was lightly bumped from behind on Noida Expressway. No injuries. Mechanic called for tow.,Moderate
Car door opened into passing cyclist on NH44. Cyclist has minor elbow scratch. No serious injury.,Moderate
Branch scratch on car roof on Chennai-Bangalore Highway. Cosmetic damage only. No personnel injury. Owner annoyed.,Moderate
Head-on collision between truck and car on Station Road. 20 critically injured. Fuel leaking from tanker.,Highly Critical
Slow-speed rear-end hit at Noida Expressway toll plaza. Minor scratch. No injury. Both drivers exchanging information.,Moderate
Ambulance carrying patients crashed on Yamuna Expressway. 15 people now critical. Both original and new patients affected.,Highly Critical
Minor collision at Station Road intersection. Both drivers alert and talking. Small dent on fender. Traffic moving.,Moderate
Multi-car collision in tunnel on Delhi-Jaipur Highway. Fire and smoke filling tunnel. 24 people unconscious from smoke.,Highly Critical
"School bus accident on Delhi-Jaipur Highway. Children trapped inside overturned bus. 5 injuries, parents rushing to scene.",Highly Critical
"School bus accident on Western Express Highway. Children trapped inside overturned bus. 20 injuries, parents rushing to scene.",Highly Critical
Ambulance carrying patients crashed on Hosur Road. 9 people now critical. Both original and new patients affected.,Highly Critical
Car went over speed bump too fast on Bandra-Worli Sea Link. Scraping sound underneath. No collision. Car seems fine.,Moderate
Minor sideswipe between two cars on Hosur Road. Paint transfer only. Both drivers walking and fine.,Moderate
Minor fender bender on Yamuna Expressway. Two cars involved. No injuries reported. Traffic slightly affected.,Moderate
Car door opened into passing cyclist on Outer Ring Road. Cyclist has minor elbow scratch. No serious injury.,Moderate
Pothole caused tire burst on Bandra-Worli Sea Link. Vehicle pulled over safely. No collision. Waiting for replacement.,Moderate
Ambulance carrying patients crashed on Pune-Bangalore Highway. 20 people now critical. Both original and new patients affected.,Highly Critical
Car went over speed bump too fast on Ring Road. Scraping sound underneath. No collision. Car seems fine.,Moderate
Minor fender bender on Hosur Road. Two cars involved. No injuries reported. Traffic slightly affected.,Moderate
Oil tanker fire on Mumbai-Pune Expressway. Thick black smoke visible for miles. 12 firefighters also injured in rescue.,Highly Critical
Oil tanker fire on Bandra-Worli Sea Link. Thick black smoke visible for miles. 15 firefighters also injured in rescue.,Highly Critical
Head-on collision between truck and car on Western Express Highway. 23 critically injured. Fuel leaking from tanker.,Highly Critical
Major landslide on NH7 burying 3 vehicles. 17 people missing. Heavy rescue equipment needed.,Highly Critical
"Two buses collided head-on at Agra-Lucknow Expressway. 49 passengers on board. Massive casualties, ambulances needed.",Highly Critical
"Hit and run on Hosur Road. Victim dragged 1200 meters. Critical injuries, massive internal bleeding.",Highly Critical
Bus grazed a bollard on Industrial Area Road. Minor paint scrape. All passengers safe. Bus continued on route.,Moderate
Truck overturned on Yamuna Expressway spilling hazardous chemicals. Area evacuation in progress. 25 people affected.,Highly Critical
Motorcycle slid on gravel on NH48. Rider has road rash on arm. Helmet saved head. Rider walking.,Moderate
"Fatal accident on Ahmedabad-Vadodara Expressway. Vehicle caught fire after collision. 16 dead, 5 people trapped.",Highly Critical
Cyclist fell after hitting pothole on Agra-Lucknow Expressway. Minor knee scrape. Cyclist walked away pushing bike.,Moderate
"High-speed collision on NH44. Car crushed under truck. 13 people severely injured, immediate rescue needed.",Highly Critical
Building debris fell on NH7 after accident impact. 5 vehicles buried. 11 trapped in rubble.,Highly Critical
Major accident on Station Road. Bus overturned carrying 33 passengers. Multiple casualties reported.,Highly Critical
Building debris fell on Bypass Road after accident impact. 6 vehicles buried. 14 trapped in rubble.,Highly Critical
"Hit and run on NH48. Victim dragged 1000 meters. Critical injuries, massive internal bleeding.",Highly Critical
Pedestrians hit by speeding truck on NH44. 13 people critically injured including children. Blood on road.,Highly Critical
Car door opened into passing cyclist on Agra-Lucknow Expressway. Cyclist has minor elbow scratch. No serious injury.,Moderate
Explosion at accident site on Mumbai-Pune Expressway after fuel tanker collision. Fire spreading rapidly. 7 casualties.,Highly Critical
"Two buses collided head-on at Pune-Bangalore Highway. 46 passengers on board. Massive casualties, ambulances needed.",Highly Critical
Bike skidded on Station Road due to oil spill. Rider has minor scratches. No other vehicles involved.,Moderate
High-speed bike crash into crowd on Kolkata-Delhi Highway. 21 bystanders injured. Rider critically hurt and unconscious.,Highly Critical
Construction crane collapsed on Airport Road crushing 5 vehicles. 24 workers and drivers trapped.,Highly Critical
Severe accident on GT Road. Vehicle rolled over multiple times. Passengers ejected. 20 in critical state.,Highly Critical
Pothole caused tire burst on Bypass Road. Vehicle pulled over safely. No collision. Waiting for replacement.,Moderate
Pothole caused tire burst on Ring Road. Vehicle pulled over safely. No collision. Waiting for replacement.,Moderate
Car stalled and was lightly bumped from behind on NH44. No injuries. Mechanic called for tow.,Moderate
Derailed train blocking Western Express Highway. 25 passengers injured. Multiple carriages overturned. Rescue ops started.,Highly Critical
Auto-rickshaw and car minor scrape on Kolkata-Delhi Highway. Slight mirror damage. Both drivers arguing but uninjured.,Moderate
Food delivery bike slipped on Eastern Express Highway. Rider okay with helmet. Food spillage only. No traffic disruption.,Moderate
"School bus accident on Airport Road. Children trapped inside overturned bus. 3 injuries, parents rushing to scene.",Highly Critical
Motorcycle slid on gravel on Yamuna Expressway. Rider has road rash on arm. Helmet saved head. Rider walking.,Moderate
Slow-speed rear-end hit at Airport Road toll plaza. Minor scratch. No injury. Both drivers exchanging information.,Moderate
Pedestrians hit by speeding truck on Ring Road. 11 people critically injured including children. Blood on road.,Highly Critical
Electrical pole fell on vehicles on Yamuna Expressway after accident. Live wires on ground. 12 electrocuted.,Highly Critical
Side mirror clipped on narrow Station Road. Minor glass breakage. No injuries. Both parties cooperating.,Moderate
Highway pileup of 13 cars on NH7 due to fog. 7 people injured across multiple vehicles.,Highly Critical
"School bus accident on Ahmedabad-Vadodara Expressway. Children trapped inside overturned bus. 14 injuries, parents rushing to scene.",Highly Critical
Taxi and auto minor touch at NH7 corner. Both vehicles operational. Passengers unhurt. Horn argument ongoing.,Moderate
Bike skidded on NH7 due to oil spill. Rider has minor scratches. No other vehicles involved.,Moderate
Severe accident on Kolkata-Delhi Highway. Vehicle rolled over multiple times. Passengers ejected. 4 in critical state.,Highly Critical
Electrical pole fell on vehicles on Airport Road after accident. Live wires on ground. 5 electrocuted.,Highly Critical
"Two buses collided head-on at Western Express Highway. 39 passengers on board. Massive casualties, ambulances needed.",Highly Critical
"Stampede triggered by accident on Bandra-Worli Sea Link. 15 people trampled. Chaos at scene, crowd control needed.",Highly Critical
Oil tanker fire on NH7. Thick black smoke visible for miles. 15 firefighters also injured in rescue.,Highly Critical
Truck overturned on Chennai-Bangalore Highway spilling hazardous chemicals. Area evacuation in progress. 12 people affected.,Highly Critical
"Hit and run on Agra-Lucknow Expressway. Victim dragged 1400 meters. Critical injuries, massive internal bleeding.",Highly Critical
Head-on collision between truck and car on GT Road. 15 critically injured. Fuel leaking from tanker.,Highly Critical
Highway pileup of 15 cars on Bypass Road due to fog. 10 people injured across multiple vehicles.,Highly Critical
Vehicle rolled backward slightly on Pune-Bangalore Highway slope. Tapped car behind. Tiny dent. No injuries at all.,Moderate
Slow-speed rear-end hit at Nagpur-Hyderabad Highway toll plaza. Minor scratch. No injury. Both drivers exchanging information.,Moderate
Major accident on Western Express Highway. Bus overturned carrying 51 passengers. Multiple casualties reported.,Highly Critical
Major landslide on Chennai-Bangalore Highway burying 11 vehicles. 8 people missing. Heavy rescue equipment needed.,Highly Critical
Taxi and auto minor touch at Chennai-Bangalore Highway corner. Both vehicles operational. Passengers unhurt. Horn argument ongoing.,Moderate
Ambulance carrying patients crashed on Western Express Highway. 6 people now critical. Both original and new patients affected.,Highly Critical
Tree branch fell on parked car at MG Road. Windshield cracked. No one inside. Owner filing insurance.,Moderate
Car door opened into passing cyclist on Nagpur-Hyderabad Highway. Cyclist has minor elbow scratch. No serious injury.,Moderate
Major chemical spill from truck on Station Road. Toxic fumes spreading. 10 people experiencing breathing difficulties.,Highly Critical
Electrical pole fell on vehicles on Station Road after accident. Live wires on ground. 10 electrocuted.,Highly Critical
"Fatal accident on Kolkata-Delhi Highway. Vehicle caught fire after collision. 25 dead, 8 people trapped.",Highly Critical
Bus grazed a bollard on Ahmedabad-Vadodara Expressway. Minor paint scrape. All passengers safe. Bus continued on route.,Moderate
Bus grazed a bollard on NH7. Minor paint scrape. All passengers safe. Bus continued on route.,Moderate
Electrical pole fell on vehicles on Eastern Express Highway after accident. Live wires on ground. 4 electrocuted.,Highly Critical
Massive pile-up involving 15 vehicles on Ring Road. Visibility was poor. Emergency services needed urgently.,Highly Critical
Oil tanker fire on NH7. Thick black smoke visible for miles. 23 firefighters also injured in rescue.,Highly Critical
Major landslide on Ahmedabad-Vadodara Expressway burying 5 vehicles. 4 people missing. Heavy rescue equipment needed.,Highly Critical
"Multi-vehicle collision on Hosur Road. 11 people injured, 10 trapped in wreckage. Rescue helicopters requested.",Highly Critical
"Stampede triggered by accident on Outer Ring Road. 6 people trampled. Chaos at scene, crowd control needed.",Highly Critical
Minor sideswipe between two cars on Kolkata-Delhi Highway. Paint transfer only. Both drivers walking and fine.,Moderate
"Two-wheeler slipped on wet Bandra-Worli Sea Link. Rider wearing helmet, has minor bruises. Bike has cosmetic damage.",Moderate
Highway pileup of 10 cars on GT Road due to fog. 4 people injured across multiple vehicles.,Highly Critical
Branch scratch on car roof on NH48. Cosmetic damage only. No personnel injury. Owner annoyed.,Moderate
Slow-speed rear-end hit at MG Road toll plaza. Minor scratch. No injury. Both drivers exchanging information.,Moderate
Vehicle hit a stray dog on Western Express Highway. Minor bumper damage. Animal ran away. Driver stopped to check.,Moderate
Head-on collision between truck and car on Ring Road. 16 critically injured. Fuel leaking from tanker.,Highly Critical
Water tanker brushed against parked car on Airport Road. Side panel scratch. No occupants in parked car.,Moderate
Vehicle rolled backward slightly on Eastern Express Highway slope. Tapped car behind. Tiny dent. No injuries at all.,Moderate
Electric scooter tipped over on Bandra-Worli Sea Link. Rider unhurt but scooter has broken footrest. No collision.,Moderate
"Multi-vehicle collision on NH7. 19 people injured, 8 trapped in wreckage. Local hospitals overwhelmed, patients diverted.",Highly Critical
"Multi-vehicle collision on Mumbai-Pune Expressway. 8 people injured, 10 trapped in wreckage. Army called for assistance.",Highly Critical
"Low-speed collision in traffic jam on Nagpur-Hyderabad Highway. Bumper to bumper touch. No injuries, minimal damage.",Moderate
Car door opened into passing cyclist on MG Road. Cyclist has minor elbow scratch. No serious injury.,Moderate
Drunk driver crashed into bus stop on Mumbai-Pune Expressway. 6 people killed. Several more in critical condition.,Highly Critical
Car plunged off Chennai-Bangalore Highway into river below. 19 occupants. Divers needed for underwater rescue operation.,Highly Critical
Bus grazed a bollard on Ring Road. Minor paint scrape. All passengers safe. Bus continued on route.,Moderate
"Stampede triggered by accident on Delhi-Jaipur Highway. 14 people trampled. Chaos at scene, crowd control needed.",Highly Critical
Minor accident at parking garage at Residential Colony. Scraped pillar while turning. No other vehicle involved.,Moderate
"Hit and run on Bypass Road. Victim dragged 600 meters. Critical injuries, massive internal bleeding.",Highly Critical
Slow-speed rear-end hit at Nagpur-Hyderabad Highway toll plaza. Minor scratch. No injury. Both drivers exchanging information.,Moderate
Highway pileup of 8 cars on Kolkata-Delhi Highway due to fog. 10 people injured across multiple vehicles.,Highly Critical
Truck overturned on NH7 spilling hazardous chemicals. Area evacuation in progress. 15 people affected.,Highly Critical
Minor collision at Bypass Road intersection. Both drivers alert and talking. Small dent on fender. Traffic moving.,Moderate
Minor sideswipe between two cars on Noida Expressway. Paint transfer only. Both drivers walking and fine.,Moderate
Gas tanker explosion on Delhi-Jaipur Highway. Massive fire engulfing nearby vehicles. 17 feared dead. Evacuation underway.,Highly Critical
Minor bump between school van and wall at University Campus. No children on board. Driver is fine.,Moderate
Minor accident at parking garage at City Mall. Scraped pillar while turning. No other vehicle involved.,Moderate
Car door opened into passing cyclist on Station Road. Cyclist has minor elbow scratch. No serious injury.,Moderate
Major landslide on Eastern Express Highway burying 7 vehicles. 3 people missing. Heavy rescue equipment needed.,Highly Critical
Branch scratch on car roof on Station Road. Cosmetic damage only. No personnel injury. Owner annoyed.,Moderate
"High-speed collision on Hosur Road. Car crushed under truck. 15 people severely injured, immediate rescue needed.",Highly Critical
"Low-speed collision in traffic jam on MG Road. Bumper to bumper touch. No injuries, minimal damage.",Moderate
Bus grazed a bollard on GT Road. Minor paint scrape. All passengers safe. Bus continued on route.,Moderate
Severe accident on Station Road. Vehicle rolled over multiple times. Passengers ejected. 7 in critical state.,Highly Critical
Electrical pole fell on vehicles on Eastern Express Highway after accident. Live wires on ground. 23 electrocuted.,Highly Critical
Cyclist fell after hitting pothole on Industrial Area Road. Minor knee scrape. Cyclist walked away pushing bike.,Moderate
Motorcycle slid on gravel on Yamuna Expressway. Rider has road rash on arm. Helmet saved head. Rider walking.,Moderate
Explosion at accident site on Mumbai-Pune Expressway after fuel tanker collision. Fire spreading rapidly. 24 casualties.,Highly Critical
Water tanker brushed against parked car on Agra-Lucknow Expressway. Side panel scratch. No occupants in parked car.,Moderate
Bus grazed a bollard on Delhi-Jaipur Highway. Minor paint scrape. All passengers safe. Bus continued on route.,Moderate
Head-on collision between truck and car on Kolkata-Delhi Highway. 10 critically injured. Fuel leaking from tanker.,Highly Critical
Major landslide on Bandra-Worli Sea Link burying 6 vehicles. 17 people missing. Heavy rescue equipment needed.,Highly Critical
Highway pileup of 5 cars on Nagpur-Hyderabad Highway due to fog. 17 people injured across multiple vehicles.,Highly Critical
"High-speed collision on Station Road. Car crushed under truck. 24 people severely injured, immediate rescue needed.",Highly Critical
"School bus accident on Kolkata-Delhi Highway. Children trapped inside overturned bus. 22 injuries, parents rushing to scene.",Highly Critical
Motorcycle slid on gravel on Western Express Highway. Rider has road rash on arm. Helmet saved head. Rider walking.,Moderate
Derailed train blocking Outer Ring Road. 4 passengers injured. Multiple carriages overturned. Rescue ops started.,Highly Critical
Car went over speed bump too fast on Eastern Express Highway. Scraping sound underneath. No collision. Car seems fine.,Moderate
Gas tanker explosion on Western Express Highway. Massive fire engulfing nearby vehicles. 14 feared dead. Evacuation underway.,Highly Critical
Derailed train blocking NH44. 20 passengers injured. Multiple carriages overturned. Rescue ops started.,Highly Critical
"Low-speed collision in traffic jam on Ring Road. Bumper to bumper touch. No injuries, minimal damage.",Moderate
Cyclist fell after hitting pothole on GT Road. Minor knee scrape. Cyclist walked away pushing bike.,Moderate
Bus grazed a bollard on Mumbai-Pune Expressway. Minor paint scrape. All passengers safe. Bus continued on route.,Moderate
Derailed train blocking Nagpur-Hyderabad Highway. 12 passengers injured. Multiple carriages overturned. Rescue ops started.,Highly Critical
Auto-rickshaw and car minor scrape on GT Road. Slight mirror damage. Both drivers arguing but uninjured.,Moderate
Minor accident at parking garage at Shopping Complex. Scraped pillar while turning. No other vehicle involved.,Moderate
"Fatal accident on Kolkata-Delhi Highway. Vehicle caught fire after collision. 24 dead, 7 people trapped.",Highly Critical
"Stampede triggered by accident on Yamuna Expressway. 15 people trampled. Chaos at scene, crowd control needed.",Highly Critical
Cyclist fell after hitting pothole on Nagpur-Hyderabad Highway. Minor knee scrape. Cyclist walked away pushing bike.,Moderate
Slow-speed rear-end hit at GT Road toll plaza. Minor scratch. No injury. Both drivers exchanging information.,Moderate
Pedestrians hit by speeding truck on NH7. 24 people critically injured including children. Blood on road.,Highly Critical
"Low-speed collision in traffic jam on Delhi-Jaipur Highway. Bumper to bumper touch. No injuries, minimal damage.",Moderate
Major chemical spill from truck on Ahmedabad-Vadodara Expressway. Toxic fumes spreading. 17 people experiencing breathing difficulties.,Highly Critical
Learner driver stalled at Chennai-Bangalore Highway signal. Car behind honked and lightly tapped. Zero damage. Learning moment.,Moderate
Small accident on Chennai-Bangalore Highway. Rear-end collision at traffic signal. Minor damage to bumpers. Drivers exchanging details.,Moderate
Ambulance carrying patients crashed on MG Road. 5 people now critical. Both original and new patients affected.,Highly Critical
Severe accident on Mumbai-Pune Expressway. Vehicle rolled over multiple times. Passengers ejected. 11 in critical state.,Highly Critical
Car stalled and was lightly bumped from behind on Chennai-Bangalore Highway. No injuries. Mechanic called for tow.,Moderate
Water tanker brushed against parked car on Industrial Area Road. Side panel scratch. No occupants in parked car.,Moderate
"Fatal accident on Kolkata-Delhi Highway. Vehicle caught fire after collision. 5 dead, 6 people trapped.",Highly Critical
Major accident on NH7. Bus overturned carrying 50 passengers. Multiple casualties reported.,Highly Critical
"Multi-vehicle collision on Ahmedabad-Vadodara Expressway. 20 people injured, 5 trapped in wreckage. Gas masks distributed to rescue workers.",Highly Critical
Cement mixer overturned on Industrial Area Road landing on a car. 7 people crushed. Heavy crane needed to lift.,Highly Critical
Car stalled and was lightly bumped from behind on Pune-Bangalore Highway. No injuries. Mechanic called for tow.,Moderate
Learner driver stalled at Noida Expressway signal. Car behind honked and lightly tapped. Zero damage. Learning moment.,Moderate
"Low-speed collision in traffic jam on Delhi-Jaipur Highway. Bumper to bumper touch. No injuries, minimal damage.",Moderate
Major landslide on MG Road burying 13 vehicles. 15 people missing. Heavy rescue equipment needed.,Highly Critical
Minor accident at parking garage at Railway Station. Scraped pillar while turning. No other vehicle involved.,Moderate
"Two-wheeler slipped on wet Kolkata-Delhi Highway. Rider wearing helmet, has minor bruises. Bike has cosmetic damage.",Moderate
Tree branch fell on parked car at Nagpur-Hyderabad Highway. Windshield cracked. No one inside. Owner filing insurance.,Moderate
Minor sideswipe between two cars on Industrial Area Road. Paint transfer only. Both drivers walking and fine.,Moderate
"School bus accident on Ahmedabad-Vadodara Expressway. Children trapped inside overturned bus. 23 injuries, parents rushing to scene.",Highly Critical
"Two-wheeler slipped on wet GT Road. Rider wearing helmet, has minor bruises. Bike has cosmetic damage.",Moderate
Gas tanker explosion on Kolkata-Delhi Highway. Massive fire engulfing nearby vehicles. 13 feared dead. Evacuation underway.,Highly Critical
Vehicle hit a stray dog on NH7. Minor bumper damage. Animal ran away. Driver stopped to check.,Moderate
Slow-speed rear-end hit at Airport Road toll plaza. Minor scratch. No injury. Both drivers exchanging information.,Moderate
Car plunged off Kolkata-Delhi Highway into river below. 19 occupants. Divers needed for underwater rescue operation.,Highly Critical
"Stampede triggered by accident on NH7. 19 people trampled. Chaos at scene, crowd control needed.",Highly Critical
Car stalled and was lightly bumped from behind on Nagpur-Hyderabad Highway. No injuries. Mechanic called for tow.,Moderate
Major accident on Bypass Road. Bus overturned carrying 34 passengers. Multiple casualties reported.,Highly Critical
Bus grazed a bollard on Mumbai-Pune Expressway. Minor paint scrape. All passengers safe. Bus continued on route.,Moderate
Small accident on NH7. Rear-end collision at traffic signal. Minor damage to bumpers. Drivers exchanging details.,Moderate
Slow-speed rear-end hit at Kolkata-Delhi Highway toll plaza. Minor scratch. No injury. Both drivers exchanging information.,Moderate
Bus grazed a bollard on Outer Ring Road. Minor paint scrape. All passengers safe. Bus continued on route.,Moderate
"Fatal accident on Industrial Area Road. Vehicle caught fire after collision. 13 dead, 2 people trapped.",Highly Critical
"High-speed collision on Airport Road. Car crushed under truck. 9 people severely injured, immediate rescue needed.",Highly Critical
Motorcycle slid on gravel on Nagpur-Hyderabad Highway. Rider has road rash on arm. Helmet saved head. Rider walking.,Moderate
Parking lot accident at University Campus. Car reversed into another vehicle. Paint scratches only. No injuries.,Moderate
"Multi-vehicle collision on MG Road. 17 people injured, 8 trapped in wreckage. National disaster response team alerted.",Highly Critical
"Low-speed collision in traffic jam on Mumbai-Pune Expressway. Bumper to bumper touch. No injuries, minimal damage.",Moderate
Car plunged off Delhi-Jaipur Highway into river below. 5 occupants. Divers needed for underwater rescue operation.,Highly Critical
Explosion at accident site on Delhi-Jaipur Highway after fuel tanker collision. Fire spreading rapidly. 7 casualties.,Highly Critical
Bike skidded on Noida Expressway due to oil spill. Rider has minor scratches. No other vehicles involved.,Moderate
Construction crane collapsed on Kolkata-Delhi Highway crushing 3 vehicles. 4 workers and drivers trapped.,Highly Critical
Slow-speed rear-end hit at Delhi-Jaipur Highway toll plaza. Minor scratch. No injury. Both drivers exchanging information.,Moderate
Major accident on Pune-Bangalore Highway. Bus overturned carrying 22 passengers. Multiple casualties reported.,Highly Critical
"Fatal accident on Kolkata-Delhi Highway. Vehicle caught fire after collision. 23 dead, 8 people trapped.",Highly Critical
High-speed bike crash into crowd on Hosur Road. 25 bystanders injured. Rider critically hurt and unconscious.,Highly Critical
"Two-wheeler slipped on wet Outer Ring Road. Rider wearing helmet, has minor bruises. Bike has cosmetic damage.",Moderate
Food delivery bike slipped on Airport Road. Rider okay with helmet. Food spillage only. No traffic disruption.,Moderate
Construction crane collapsed on Yamuna Expressway crushing 8 vehicles. 15 workers and drivers trapped.,Highly Critical
Car stalled and was lightly bumped from behind on Airport Road. No injuries. Mechanic called for tow.,Moderate
"Fatal accident on Station Road. Vehicle caught fire after collision. 7 dead, 1 people trapped.",Highly Critical
Slow-speed rear-end hit at Nagpur-Hyderabad Highway toll plaza. Minor scratch. No injury. Both drivers exchanging information.,Moderate
High-speed bike crash into crowd on NH44. 19 bystanders injured. Rider critically hurt and unconscious.,Highly Critical
Cement mixer overturned on Agra-Lucknow Expressway landing on a car. 8 people crushed. Heavy crane needed to lift.,Highly Critical
Branch scratch on car roof on Ahmedabad-Vadodara Expressway. Cosmetic damage only. No personnel injury. Owner annoyed.,Moderate
Major chemical spill from truck on Agra-Lucknow Expressway. Toxic fumes spreading. 24 people experiencing breathing difficulties.,Highly Critical
Truck side-view mirror hit signboard on Mumbai-Pune Expressway. Mirror cracked. No other damage. Driver continued.,Moderate
Severe accident on NH7. Vehicle rolled over multiple times. Passengers ejected. 17 in critical state.,Highly Critical
Small accident on Hosur Road. Rear-end collision at traffic signal. Minor damage to bumpers. Drivers exchanging details.,Moderate
Minor accident at parking garage at Hospital Zone. Scraped pillar while turning. No other vehicle involved.,Moderate
Side mirror clipped on narrow Chennai-Bangalore Highway. Minor glass breakage. No injuries. Both parties cooperating.,Moderate
Head-on collision between truck and car on Mumbai-Pune Expressway. 22 critically injured. Fuel leaking from tanker.,Highly Critical
Car stalled and was lightly bumped from behind on Airport Road. No injuries. Mechanic called for tow.,Moderate
Ambulance carrying patients crashed on Agra-Lucknow Expressway. 19 people now critical. Both original and new patients affected.,Highly Critical
"Hit and run on Yamuna Expressway. Victim dragged 1000 meters. Critical injuries, massive internal bleeding.",Highly Critical
Multi-car collision in tunnel on Pune-Bangalore Highway. Fire and smoke filling tunnel. 24 people unconscious from smoke.,Highly Critical
Minor accident at parking garage at Shopping Complex. Scraped pillar while turning. No other vehicle involved.,Moderate
Derailed train blocking Western Express Highway. 24 passengers injured. Multiple carriages overturned. Rescue ops started.,Highly Critical
Tree branch fell on parked car at NH7. Windshield cracked. No one inside. Owner filing insurance.,Moderate
"School bus accident on Bypass Road. Children trapped inside overturned bus. 16 injuries, parents rushing to scene.",Highly Critical
Vehicle rolled backward slightly on Delhi-Jaipur Highway slope. Tapped car behind. Tiny dent. No injuries at all.,Moderate
Truck side-view mirror hit signboard on Bypass Road. Mirror cracked. No other damage. Driver continued.,Moderate
"Low-speed collision in traffic jam on Kolkata-Delhi Highway. Bumper to bumper touch. No injuries, minimal damage.",Moderate
Minor accident at parking garage at Tech Park. Scraped pillar while turning. No other vehicle involved.,Moderate
Truck side-view mirror hit signboard on Western Express Highway. Mirror cracked. No other damage. Driver continued.,Moderate
Vehicle hit a stray dog on Eastern Express Highway. Minor bumper damage. Animal ran away. Driver stopped to check.,Moderate
Car went over speed bump too fast on Station Road. Scraping sound underneath. No collision. Car seems fine.,Moderate
Massive pile-up involving 7 vehicles on Nagpur-Hyderabad Highway. Visibility was poor. Emergency services needed urgently.,Highly Critical
"School bus accident on Delhi-Jaipur Highway. Children trapped inside overturned bus. 3 injuries, parents rushing to scene.",Highly Critical
Side mirror clipped on narrow Outer Ring Road. Minor glass breakage. No injuries. Both parties cooperating.,Moderate
Drunk driver crashed into bus stop on Yamuna Expressway. 19 people killed. Several more in critical condition.,Highly Critical
Water tanker brushed against parked car on Yamuna Expressway. Side panel scratch. No occupants in parked car.,Moderate
"Two-wheeler slipped on wet NH48. Rider wearing helmet, has minor bruises. Bike has cosmetic damage.",Moderate
Gas tanker explosion on Nagpur-Hyderabad Highway. Massive fire engulfing nearby vehicles. 5 feared dead. Evacuation underway.,Highly Critical
Minor collision at GT Road intersection. Both drivers alert and talking. Small dent on fender. Traffic moving.,Moderate
Electric scooter tipped over on Pune-Bangalore Highway. Rider unhurt but scooter has broken footrest. No collision.,Moderate
Car stalled and was lightly bumped from behind on Ahmedabad-Vadodara Expressway. No injuries. Mechanic called for tow.,Moderate
Parking lot accident at City Mall. Car reversed into another vehicle. Paint scratches only. No injuries.,Moderate
Ambulance carrying patients crashed on Industrial Area Road. 11 people now critical. Both original and new patients affected.,Highly Critical
Tree branch fell on parked car at NH44. Windshield cracked. No one inside. Owner filing insurance.,Moderate
Truck side-view mirror hit signboard on Chennai-Bangalore Highway. Mirror cracked. No other damage. Driver continued.,Moderate
Water tanker brushed against parked car on Agra-Lucknow Expressway. Side panel scratch. No occupants in parked car.,Moderate
Electrical pole fell on vehicles on Pune-Bangalore Highway after accident. Live wires on ground. 22 electrocuted.,Highly Critical
Cement mixer overturned on Nagpur-Hyderabad Highway landing on a car. 17 people crushed. Heavy crane needed to lift.,Highly Critical
Pothole caused tire burst on Kolkata-Delhi Highway. Vehicle pulled over safely. No collision. Waiting for replacement.,Moderate
Severe accident on Airport Road. Vehicle rolled over multiple times. Passengers ejected. 6 in critical state.,Highly Critical
Electric scooter tipped over on Ring Road. Rider unhurt but scooter has broken footrest. No collision.,Moderate
Bike skidded on Kolkata-Delhi Highway due to oil spill. Rider has minor scratches. No other vehicles involved.,Moderate
Drunk driver crashed into bus stop on Nagpur-Hyderabad Highway. 10 people killed. Several more in critical condition.,Highly Critical
Minor collision at NH7 intersection. Both drivers alert and talking. Small dent on fender. Traffic moving.,Moderate
"School bus accident on Ring Road. Children trapped inside overturned bus. 13 injuries, parents rushing to scene.",Highly Critical
Parking lot accident at Commercial District. Car reversed into another vehicle. Paint scratches only. No injuries.,Moderate
Electric scooter tipped over on Nagpur-Hyderabad Highway. Rider unhurt but scooter has broken footrest. No collision.,Moderate
Truck side-view mirror hit signboard on Western Express Highway. Mirror cracked. No other damage. Driver continued.,Moderate
Minor bump between school van and wall at Tech Park. No children on board. Driver is fine.,Moderate
Minor accident at parking garage at Commercial District. Scraped pillar while turning. No other vehicle involved.,Moderate
Severe accident on NH7. Vehicle rolled over multiple times. Passengers ejected. 22 in critical state.,Highly Critical
"High-speed collision on Bypass Road. Car crushed under truck. 7 people severely injured, immediate rescue needed.",Highly Critical
Food delivery bike slipped on Hosur Road. Rider okay with helmet. Food spillage only. No traffic disruption.,Moderate
"Stampede triggered by accident on Pune-Bangalore Highway. 20 people trampled. Chaos at scene, crowd control needed.",Highly Critical
"Low-speed collision in traffic jam on Station Road. Bumper to bumper touch. No injuries, minimal damage.",Moderate
"Low-speed collision in traffic jam on Ring Road. Bumper to bumper touch. No injuries, minimal damage.",Moderate
Bridge collapse on Pune-Bangalore Highway due to heavy vehicle overload. Multiple vehicles fallen. 18 people trapped below.,Highly Critical
Drunk driver crashed into bus stop on Outer Ring Road. 25 people killed. Several more in critical condition.,Highly Critical
"Low-speed collision in traffic jam on NH48. Bumper to bumper touch. No injuries, minimal damage.",Moderate
Electric scooter tipped over on NH7. Rider unhurt but scooter has broken footrest. No collision.,Moderate
Pothole caused tire burst on Airport Road. Vehicle pulled over safely. No collision. Waiting for replacement.,Moderate
Electrical pole fell on vehicles on Eastern Express Highway after accident. Live wires on ground. 19 electrocuted.,Highly Critical
Vehicle rolled backward slightly on Western Express Highway slope. Tapped car behind. Tiny dent. No injuries at all.,Moderate
Major chemical spill from truck on Ahmedabad-Vadodara Expressway. Toxic fumes spreading. 14 people experiencing breathing difficulties.,Highly Critical
Bus grazed a bollard on Station Road. Minor paint scrape. All passengers safe. Bus continued on route.,Moderate
Truck side-view mirror hit signboard on Kolkata-Delhi Highway. Mirror cracked. No other damage. Driver continued.,Moderate
Gas tanker explosion on Delhi-Jaipur Highway. Massive fire engulfing nearby vehicles. 14 feared dead. Evacuation underway.,Highly Critical
Branch scratch on car roof on Kolkata-Delhi Highway. Cosmetic damage only. No personnel injury. Owner annoyed.,Moderate
Oil tanker fire on Kolkata-Delhi Highway. Thick black smoke visible for miles. 25 firefighters also injured in rescue.,Highly Critical
Drunk driver crashed into bus stop on Agra-Lucknow Expressway. 8 people killed. Several more in critical condition.,Highly Critical
Massive pile-up involving 13 vehicles on Delhi-Jaipur Highway. Visibility was poor. Emergency services needed urgently.,Highly Critical
Tree branch fell on parked car at Mumbai-Pune Expressway. Windshield cracked. No one inside. Owner filing insurance.,Moderate
Vehicle hit a stray dog on Outer Ring Road. Minor bumper damage. Animal ran away. Driver stopped to check.,Moderate
Branch scratch on car roof on Yamuna Expressway. Cosmetic damage only. No personnel injury. Owner annoyed.,Moderate
Multi-car collision in tunnel on Agra-Lucknow Expressway. Fire and smoke filling tunnel. 11 people unconscious from smoke.,Highly Critical
Multi-car collision in tunnel on Delhi-Jaipur Highway. Fire and smoke filling tunnel. 9 people unconscious from smoke.,Highly Critical
"Two buses collided head-on at Kolkata-Delhi Highway. 42 passengers on board. Massive casualties, ambulances needed.",Highly Critical
Bridge collapse on Chennai-Bangalore Highway due to heavy vehicle overload. Multiple vehicles fallen. 17 people trapped below.,Highly Critical
Multi-car collision in tunnel on Noida Expressway. Fire and smoke filling tunnel. 25 people unconscious from smoke.,Highly Critical
Major chemical spill from truck on NH7. Toxic fumes spreading. 5 people experiencing breathing difficulties.,Highly Critical
Cyclist fell after hitting pothole on Kolkata-Delhi Highway. Minor knee scrape. Cyclist walked away pushing bike.,Moderate
Bus grazed a bollard on Noida Expressway. Minor paint scrape. All passengers safe. Bus continued on route.,Moderate
Massive pile-up involving 8 vehicles on Ahmedabad-Vadodara Expressway. Visibility was poor. Emergency services needed urgently.,Highly Critical
Motorcycle slid on gravel on Chennai-Bangalore Highway. Rider has road rash on arm. Helmet saved head. Rider walking.,Moderate
Small accident on Kolkata-Delhi Highway. Rear-end collision at traffic signal. Minor damage to bumpers. Drivers exchanging details.,Moderate
Minor bump between school van and wall at University Campus. No children on board. Driver is fine.,Moderate
Water tanker brushed against parked car on Kolkata-Delhi Highway. Side panel scratch. No occupants in parked car.,Moderate
Bridge collapse on Industrial Area Road due to heavy vehicle overload. Multiple vehicles fallen. 9 people trapped below.,Highly Critical
Bridge collapse on Hosur Road due to heavy vehicle overload. Multiple vehicles fallen. 20 people trapped below.,Highly Critical
Car plunged off Outer Ring Road into river below. 16 occupants. Divers needed for underwater rescue operation.,Highly Critical
Major accident on Noida Expressway. Bus overturned carrying 24 passengers. Multiple casualties reported.,Highly Critical
High-speed bike crash into crowd on GT Road. 6 bystanders injured. Rider critically hurt and unconscious.,Highly Critical
"High-speed collision on Noida Expressway. Car crushed under truck. 7 people severely injured, immediate rescue needed.",Highly Critical
Minor collision at NH48 intersection. Both drivers alert and talking. Small dent on fender. Traffic moving.,Moderate
Food delivery bike slipped on GT Road. Rider okay with helmet. Food spillage only. No traffic disruption.,Moderate
"Multi-vehicle collision on NH7. 9 people injured, 7 trapped in wreckage. Survivor reported screams from wreckage.",Highly Critical
Pedestrians hit by speeding truck on Airport Road. 14 people critically injured including children. Blood on road.,Highly Critical
Highway pileup of 15 cars on NH7 due to fog. 17 people injured across multiple vehicles.,Highly Critical
Electric scooter tipped over on Ahmedabad-Vadodara Expressway. Rider unhurt but scooter has broken footrest. No collision.,Moderate
Bridge collapse on Industrial Area Road due to heavy vehicle overload. Multiple vehicles fallen. 22 people trapped below.,Highly Critical
Explosion at accident site on Outer Ring Road after fuel tanker collision. Fire spreading rapidly. 14 casualties.,Highly Critical
Construction crane collapsed on NH44 crushing 12 vehicles. 5 workers and drivers trapped.,Highly Critical
"Hit and run on NH44. Victim dragged 1400 meters. Critical injuries, massive internal bleeding.",Highly Critical
Electrical pole fell on vehicles on Outer Ring Road after accident. Live wires on ground. 9 electrocuted.,Highly Critical
Vehicle rolled backward slightly on NH48 slope. Tapped car behind. Tiny dent. No injuries at all.,Moderate
Drunk driver crashed into bus stop on Noida Expressway. 15 people killed. Several more in critical condition.,Highly Critical
"Hit and run on Agra-Lucknow Expressway. Victim dragged 500 meters. Critical injuries, massive internal bleeding.",Highly Critical
Cement mixer overturned on Agra-Lucknow Expressway landing on a car. 21 people crushed. Heavy crane needed to lift.,Highly Critical
Electrical pole fell on vehicles on GT Road after accident. Live wires on ground. 13 electrocuted.,Highly Critical
"Fatal accident on Ring Road. Vehicle caught fire after collision. 16 dead, 8 people trapped.",Highly Critical
Learner driver stalled at Hosur Road signal. Car behind honked and lightly tapped. Zero damage. Learning moment.,Moderate
"School bus accident on Nagpur-Hyderabad Highway. Children trapped inside overturned bus. 25 injuries, parents rushing to scene.",Highly Critical
Highway pileup of 7 cars on NH44 due to fog. 4 people injured across multiple vehicles.,Highly Critical
Pedestrians hit by speeding truck on Bypass Road. 22 people critically injured including children. Blood on road.,Highly Critical
Major chemical spill from truck on Mumbai-Pune Expressway. Toxic fumes spreading. 5 people experiencing breathing difficulties.,Highly Critical
Minor accident at parking garage at Metro Station. Scraped pillar while turning. No other vehicle involved.,Moderate
Pedestrians hit by speeding truck on Agra-Lucknow Expressway. 11 people critically injured including children. Blood on road.,Highly Critical
Minor collision at Airport Road intersection. Both drivers alert and talking. Small dent on fender. Traffic moving.,Moderate
Explosion at accident site on Delhi-Jaipur Highway after fuel tanker collision. Fire spreading rapidly. 11 casualties.,Highly Critical
Pedestrians hit by speeding truck on Chennai-Bangalore Highway. 20 people critically injured including children. Blood on road.,Highly Critical
Bridge collapse on Industrial Area Road due to heavy vehicle overload. Multiple vehicles fallen. 19 people trapped below.,Highly Critical
Minor bump between school van and wall at Railway Station. No children on board. Driver is fine.,Moderate
Building debris fell on Western Express Highway after accident impact. 15 vehicles buried. 15 trapped in rubble.,Highly Critical
Branch scratch on car roof on Nagpur-Hyderabad Highway. Cosmetic damage only. No personnel injury. Owner annoyed.,Moderate
High-speed bike crash into crowd on Western Express Highway. 4 bystanders injured. Rider critically hurt and unconscious.,Highly Critical
Truck side-view mirror hit signboard on Mumbai-Pune Expressway. Mirror cracked. No other damage. Driver continued.,Moderate
Oil tanker fire on Outer Ring Road. Thick black smoke visible for miles. 14 firefighters also injured in rescue.,Highly Critical
"Two buses collided head-on at Industrial Area Road. 41 passengers on board. Massive casualties, ambulances needed.",Highly Critical
Water tanker brushed against parked car on NH7. Side panel scratch. No occupants in parked car.,Moderate
Multi-car collision in tunnel on Nagpur-Hyderabad Highway. Fire and smoke filling tunnel. 13 people unconscious from smoke.,Highly Critical
Taxi and auto minor touch at Yamuna Expressway corner. Both vehicles operational. Passengers unhurt. Horn argument ongoing.,Moderate
"Fatal accident on Hosur Road. Vehicle caught fire after collision. 10 dead, 4 people trapped.",Highly Critical
Ambulance carrying patients crashed on MG Road. 5 people now critical. Both original and new patients affected.,Highly Critical
Major landslide on Kolkata-Delhi Highway burying 5 vehicles. 9 people missing. Heavy rescue equipment needed.,Highly Critical
Head-on collision between truck and car on Bandra-Worli Sea Link. 4 critically injured. Fuel leaking from tanker.,Highly Critical
Small accident on Delhi-Jaipur Highway. Rear-end collision at traffic signal. Minor damage to bumpers. Drivers exchanging details.,Moderate
Small accident on Eastern Express Highway. Rear-end collision at traffic signal. Minor damage to bumpers. Drivers exchanging details.,Moderate
Auto-rickshaw and car minor scrape on Pune-Bangalore Highway. Slight mirror damage. Both drivers arguing but uninjured.,Moderate
Gas tanker explosion on Pune-Bangalore Highway. Massive fire engulfing nearby vehicles. 7 feared dead. Evacuation underway.,Highly Critical
Minor accident at parking garage at Bus Terminal. Scraped pillar while turning. No other vehicle involved.,Moderate
Drunk driver crashed into bus stop on Airport Road. 19 people killed. Several more in critical condition.,Highly Critical
Auto-rickshaw and car minor scrape on Station Road. Slight mirror damage. Both drivers arguing but uninjured.,Moderate
Truck overturned on Pune-Bangalore Highway spilling hazardous chemicals. Area evacuation in progress. 9 people affected.,Highly Critical
"High-speed collision on Noida Expressway. Car crushed under truck. 22 people severely injured, immediate rescue needed.",Highly Critical
Car went over speed bump too fast on Eastern Express Highway. Scraping sound underneath. No collision. Car seems fine.,Moderate
High-speed bike crash into crowd on Bandra-Worli Sea Link. 9 bystanders injured. Rider critically hurt and unconscious.,Highly Critical
Slow-speed rear-end hit at Bypass Road toll plaza. Minor scratch. No injury. Both drivers exchanging information.,Moderate
"Two-wheeler slipped on wet GT Road. Rider wearing helmet, has minor bruises. Bike has cosmetic damage.",Moderate
Cement mixer overturned on Agra-Lucknow Expressway landing on a car. 22 people crushed. Heavy crane needed to lift.,Highly Critical
Cement mixer overturned on Agra-Lucknow Expressway landing on a car. 13 people crushed. Heavy crane needed to lift.,Highly Critical
Slow-speed rear-end hit at Mumbai-Pune Expressway toll plaza. Minor scratch. No injury. Both drivers exchanging information.,Moderate
"Hit and run on Western Express Highway. Victim dragged 1400 meters. Critical injuries, massive internal bleeding.",Highly Critical
Highway pileup of 13 cars on MG Road due to fog. 19 people injured across multiple vehicles.,Highly Critical
Drunk driver crashed into bus stop on Ring Road. 17 people killed. Several more in critical condition.,Highly Critical
Major accident on Agra-Lucknow Expressway. Bus overturned carrying 29 passengers. Multiple casualties reported.,Highly Critical
Construction crane collapsed on Agra-Lucknow Expressway crushing 14 vehicles. 15 workers and drivers trapped.,Highly Critical
Small accident on Western Express Highway. Rear-end collision at traffic signal. Minor damage to bumpers. Drivers exchanging details.,Moderate
Motorcycle slid on gravel on NH48. Rider has road rash on arm. Helmet saved head. Rider walking.,Moderate
Car went over speed bump too fast on Western Express Highway. Scraping sound underneath. No collision. Car seems fine.,Moderate
Minor fender bender on Station Road. Two cars involved. No injuries reported. Traffic slightly affected.,Moderate
Ambulance carrying patients crashed on Pune-Bangalore Highway. 24 people now critical. Both original and new patients affected.,Highly Critical
Highway pileup of 15 cars on Kolkata-Delhi Highway due to fog. 21 people injured across multiple vehicles.,Highly Critical
Cyclist fell after hitting pothole on NH44. Minor knee scrape. Cyclist walked away pushing bike.,Moderate
"Hit and run on Nagpur-Hyderabad Highway. Victim dragged 300 meters. Critical injuries, massive internal bleeding.",Highly Critical
Major chemical spill from truck on NH48. Toxic fumes spreading. 7 people experiencing breathing difficulties.,Highly Critical
"School bus accident on MG Road. Children trapped inside overturned bus. 15 injuries, parents rushing to scene.",Highly Critical
Vehicle hit a stray dog on Delhi-Jaipur Highway. Minor bumper damage. Animal ran away. Driver stopped to check.,Moderate
Car stalled and was lightly bumped from behind on NH48. No injuries. Mechanic called for tow.,Moderate
"School bus accident on Bypass Road. Children trapped inside overturned bus. 25 injuries, parents rushing to scene.",Highly Critical
"School bus accident on Delhi-Jaipur Highway. Children trapped inside overturned bus. 25 injuries, parents rushing to scene.",Highly Critical
Food delivery bike slipped on NH7. Rider okay with helmet. Food spillage only. No traffic disruption.,Moderate
Cement mixer overturned on Western Express Highway landing on a car. 13 people crushed. Heavy crane needed to lift.,Highly Critical
Bike skidded on NH48 due to oil spill. Rider has minor scratches. No other vehicles involved.,Moderate
Truck overturned on Pune-Bangalore Highway spilling hazardous chemicals. Area evacuation in progress. 10 people affected.,Highly Critical
Cement mixer overturned on Western Express Highway landing on a car. 11 people crushed. Heavy crane needed to lift.,Highly Critical
Water tanker brushed against parked car on Station Road. Side panel scratch. No occupants in parked car.,Moderate
"Multi-vehicle collision on Mumbai-Pune Expressway. 12 people injured, 4 trapped in wreckage. Local hospitals overwhelmed, patients diverted.",Highly Critical
"Low-speed collision in traffic jam on GT Road. Bumper to bumper touch. No injuries, minimal damage.",Moderate
Minor accident at parking garage at Bus Terminal. Scraped pillar while turning. No other vehicle involved.,Moderate
"Stampede triggered by accident on Industrial Area Road. 17 people trampled. Chaos at scene, crowd control needed.",Highly Critical
"Hit and run on GT Road. Victim dragged 500 meters. Critical injuries, massive internal bleeding.",Highly Critical
Severe accident on NH7. Vehicle rolled over multiple times. Passengers ejected. 24 in critical state.,Highly Critical
Branch scratch on car roof on Mumbai-Pune Expressway. Cosmetic damage only. No personnel injury. Owner annoyed.,Moderate
Electric scooter tipped over on Outer Ring Road. Rider unhurt but scooter has broken footrest. No collision.,Moderate
"Hit and run on Industrial Area Road. Victim dragged 1200 meters. Critical injuries, massive internal bleeding.",Highly Critical
Severe accident on Ahmedabad-Vadodara Expressway. Vehicle rolled over multiple times. Passengers ejected. 23 in critical state.,Highly Critical
"Fatal accident on Delhi-Jaipur Highway. Vehicle caught fire after collision. 24 dead, 4 people trapped.",Highly Critical
Vehicle rolled backward slightly on Industrial Area Road slope. Tapped car behind. Tiny dent. No injuries at all.,Moderate
Minor accident at parking garage at City Mall. Scraped pillar while turning. No other vehicle involved.,Moderate
Bus grazed a bollard on Bandra-Worli Sea Link. Minor paint scrape. All passengers safe. Bus continued on route.,Moderate
Bike skidded on Nagpur-Hyderabad Highway due to oil spill. Rider has minor scratches. No other vehicles involved.,Moderate
Branch scratch on car roof on NH44. Cosmetic damage only. No personnel injury. Owner annoyed.,Moderate
High-speed bike crash into crowd on Delhi-Jaipur Highway. 21 bystanders injured. Rider critically hurt and unconscious.,Highly Critical
Building debris fell on Eastern Express Highway after accident impact. 14 vehicles buried. 6 trapped in rubble.,Highly Critical
Truck side-view mirror hit signboard on Agra-Lucknow Expressway. Mirror cracked. No other damage. Driver continued.,Moderate
"Two-wheeler slipped on wet MG Road. Rider wearing helmet, has minor bruises. Bike has cosmetic damage.",Moderate
Minor sideswipe between two cars on Noida Expressway. Paint transfer only. Both drivers walking and fine.,Moderate
Side mirror clipped on narrow NH7. Minor glass breakage. No injuries. Both parties cooperating.,Moderate
Tree branch fell on parked car at Station Road. Windshield cracked. No one inside. Owner filing insurance.,Moderate
Bridge collapse on Bypass Road due to heavy vehicle overload. Multiple vehicles fallen. 13 people trapped below.,Highly Critical
Vehicle hit a stray dog on Agra-Lucknow Expressway. Minor bumper damage. Animal ran away. Driver stopped to check.,Moderate
Auto-rickshaw and car minor scrape on Kolkata-Delhi Highway. Slight mirror damage. Both drivers arguing but uninjured.,Moderate
Oil tanker fire on Agra-Lucknow Expressway. Thick black smoke visible for miles. 3 firefighters also injured in rescue.,Highly Critical
"Stampede triggered by accident on Nagpur-Hyderabad Highway. 5 people trampled. Chaos at scene, crowd control needed.",Highly Critical
Drunk driver crashed into bus stop on Bypass Road. 22 people killed. Several more in critical condition.,Highly Critical
Auto-rickshaw and car minor scrape on Industrial Area Road. Slight mirror damage. Both drivers arguing but uninjured.,Moderate
Pedestrians hit by speeding truck on Hosur Road. 23 people critically injured including children. Blood on road.,Highly Critical
Minor collision at Hosur Road intersection. Both drivers alert and talking. Small dent on fender. Traffic moving.,Moderate
Bike skidded on Eastern Express Highway due to oil spill. Rider has minor scratches. No other vehicles involved.,Moderate
Cyclist fell after hitting pothole on Chennai-Bangalore Highway. Minor knee scrape. Cyclist walked away pushing bike.,Moderate
"Low-speed collision in traffic jam on Agra-Lucknow Expressway. Bumper to bumper touch. No injuries, minimal damage.",Moderate
Food delivery bike slipped on GT Road. Rider okay with helmet. Food spillage only. No traffic disruption.,Moderate
"Multi-vehicle collision on Airport Road. 5 people injured, 8 trapped in wreckage. Local hospitals overwhelmed, patients diverted.",Highly Critical
Water tanker brushed against parked car on NH48. Side panel scratch. No occupants in parked car.,Moderate
Car plunged off Mumbai-Pune Expressway into river below. 8 occupants. Divers needed for underwater rescue operation.,Highly Critical
Truck side-view mirror hit signboard on Mumbai-Pune Expressway. Mirror cracked. No other damage. Driver continued.,Moderate
"Fatal accident on Bandra-Worli Sea Link. Vehicle caught fire after collision. 9 dead, 3 people trapped.",Highly Critical
Ambulance carrying patients crashed on Mumbai-Pune Expressway. 20 people now critical. Both original and new patients affected.,Highly Critical
Truck side-view mirror hit signboard on Western Express Highway. Mirror cracked. No other damage. Driver continued.,Moderate
Taxi and auto minor touch at Delhi-Jaipur Highway corner. Both vehicles operational. Passengers unhurt. Horn argument ongoing.,Moderate
Pothole caused tire burst on GT Road. Vehicle pulled over safely. No collision. Waiting for replacement.,Moderate
Explosion at accident site on Industrial Area Road after fuel tanker collision. Fire spreading rapidly. 23 casualties.,Highly Critical
Motorcycle slid on gravel on Kolkata-Delhi Highway. Rider has road rash on arm. Helmet saved head. Rider walking.,Moderate
Slow-speed rear-end hit at NH48 toll plaza. Minor scratch. No injury. Both drivers exchanging information.,Moderate
Severe accident on Kolkata-Delhi Highway. Vehicle rolled over multiple times. Passengers ejected. 17 in critical state.,Highly Critical
"High-speed collision on Outer Ring Road. Car crushed under truck. 17 people severely injured, immediate rescue needed.",Highly Critical
Car stalled and was lightly bumped from behind on GT Road. No injuries. Mechanic called for tow.,Moderate
Major chemical spill from truck on Outer Ring Road. Toxic fumes spreading. 3 people experiencing breathing difficulties.,Highly Critical
"High-speed collision on Noida Expressway. Car crushed under truck. 14 people severely injured, immediate rescue needed.",Highly Critical
Slow-speed rear-end hit at Noida Expressway toll plaza. Minor scratch. No injury. Both drivers exchanging information.,Moderate
Water tanker brushed against parked car on Yamuna Expressway. Side panel scratch. No occupants in parked car.,Moderate
Cyclist fell after hitting pothole on Eastern Express Highway. Minor knee scrape. Cyclist walked away pushing bike.,Moderate
Car plunged off Eastern Express Highway into river below. 18 occupants. Divers needed for underwater rescue operation.,Highly Critical
Slow-speed rear-end hit at Noida Expressway toll plaza. Minor scratch. No injury. Both drivers exchanging information.,Moderate
Bridge collapse on Bandra-Worli Sea Link due to heavy vehicle overload. Multiple vehicles fallen. 23 people trapped below.,Highly Critical
Pothole caused tire burst on Nagpur-Hyderabad Highway. Vehicle pulled over safely. No collision. Waiting for replacement.,Moderate
Truck side-view mirror hit signboard on NH48. Mirror cracked. No other damage. Driver continued.,Moderate
Pedestrians hit by speeding truck on Eastern Express Highway. 4 people critically injured including children. Blood on road.,Highly Critical
Auto-rickshaw and car minor scrape on GT Road. Slight mirror damage. Both drivers arguing but uninjured.,Moderate
"Two buses collided head-on at Eastern Express Highway. 58 passengers on board. Massive casualties, ambulances needed.",Highly Critical
Gas tanker explosion on Airport Road. Massive fire engulfing nearby vehicles. 20 feared dead. Evacuation underway.,Highly Critical
"High-speed collision on Mumbai-Pune Expressway. Car crushed under truck. 5 people severely injured, immediate rescue needed.",Highly Critical
Slow-speed rear-end hit at Ring Road toll plaza. Minor scratch. No injury. Both drivers exchanging information.,Moderate
Cyclist fell after hitting pothole on Ahmedabad-Vadodara Expressway. Minor knee scrape. Cyclist walked away pushing bike.,Moderate
Motorcycle slid on gravel on NH48. Rider has road rash on arm. Helmet saved head. Rider walking.,Moderate
Car plunged off Bypass Road into river below. 4 occupants. Divers needed for underwater rescue operation.,Highly Critical
Side mirror clipped on narrow Station Road. Minor glass breakage. No injuries. Both parties cooperating.,Moderate
Side mirror clipped on narrow Industrial Area Road. Minor glass breakage. No injuries. Both parties cooperating.,Moderate
Massive pile-up involving 4 vehicles on NH48. Visibility was poor. Emergency services needed urgently.,Highly Critical
"Two-wheeler slipped on wet Eastern Express Highway. Rider wearing helmet, has minor bruises. Bike has cosmetic damage.",Moderate
"School bus accident on NH48. Children trapped inside overturned bus. 15 injuries, parents rushing to scene.",Highly Critical
"Multi-vehicle collision on Yamuna Expressway. 14 people injured, 5 trapped in wreckage. Army called for assistance.",Highly Critical
Cyclist fell after hitting pothole on Eastern Express Highway. Minor knee scrape. Cyclist walked away pushing bike.,Moderate
"School bus accident on Chennai-Bangalore Highway. Children trapped inside overturned bus. 19 injuries, parents rushing to scene.",Highly Critical
Highway pileup of 3 cars on Western Express Highway due to fog. 22 people injured across multiple vehicles.,Highly Critical
Pedestrians hit by speeding truck on Kolkata-Delhi Highway. 21 people critically injured including children. Blood on road.,Highly Critical
Massive pile-up involving 3 vehicles on GT Road. Visibility was poor. Emergency services needed urgently.,Highly Critical
"Two buses collided head-on at Station Road. 50 passengers on board. Massive casualties, ambulances needed.",Highly Critical
Severe accident on Airport Road. Vehicle rolled over multiple times. Passengers ejected. 22 in critical state.,Highly Critical
Cyclist fell after hitting pothole on NH44. Minor knee scrape. Cyclist walked away pushing bike.,Moderate
"School bus accident on Airport Road. Children trapped inside overturned bus. 25 injuries, parents rushing to scene.",Highly Critical
Massive pile-up involving 4 vehicles on Yamuna Expressway. Visibility was poor. Emergency services needed urgently.,Highly Critical
Oil tanker fire on Industrial Area Road. Thick black smoke visible for miles. 16 firefighters also injured in rescue.,Highly Critical
Electric scooter tipped over on Hosur Road. Rider unhurt but scooter has broken footrest. No collision.,Moderate
Massive pile-up involving 8 vehicles on NH7. Visibility was poor. Emergency services needed urgently.,Highly Critical
Taxi and auto minor touch at Agra-Lucknow Expressway corner. Both vehicles operational. Passengers unhurt. Horn argument ongoing.,Moderate
Branch scratch on car roof on Eastern Express Highway. Cosmetic damage only. No personnel injury. Owner annoyed.,Moderate
Minor bump between school van and wall at Railway Station. No children on board. Driver is fine.,Moderate
Building debris fell on Pune-Bangalore Highway after accident impact. 5 vehicles buried. 19 trapped in rubble.,Highly Critical
Bridge collapse on MG Road due to heavy vehicle overload. Multiple vehicles fallen. 25 people trapped below.,Highly Critical
Oil tanker fire on Station Road. Thick black smoke visible for miles. 20 firefighters also injured in rescue.,Highly Critical
Oil tanker fire on Eastern Express Highway. Thick black smoke visible for miles. 5 firefighters also injured in rescue.,Highly Critical
Vehicle rolled backward slightly on Noida Expressway slope. Tapped car behind. Tiny dent. No injuries at all.,Moderate
Side mirror clipped on narrow Ring Road. Minor glass breakage. No injuries. Both parties cooperating.,Moderate
Bike skidded on Chennai-Bangalore Highway due to oil spill. Rider has minor scratches. No other vehicles involved.,Moderate
Building debris fell on Ring Road after accident impact. 5 vehicles buried. 15 trapped in rubble.,Highly Critical
Branch scratch on car roof on Nagpur-Hyderabad Highway. Cosmetic damage only. No personnel injury. Owner annoyed.,Moderate
Electrical pole fell on vehicles on Bandra-Worli Sea Link after accident. Live wires on ground. 24 electrocuted.,Highly Critical
Taxi and auto minor touch at GT Road corner. Both vehicles operational. Passengers unhurt. Horn argument ongoing.,Moderate
"Two-wheeler slipped on wet Delhi-Jaipur Highway. Rider wearing helmet, has minor bruises. Bike has cosmetic damage.",Moderate
"Fatal accident on NH48. Vehicle caught fire after collision. 15 dead, 10 people trapped.",Highly Critical
Major chemical spill from truck on MG Road. Toxic fumes spreading. 13 people experiencing breathing difficulties.,Highly Critical
Gas tanker explosion on Western Express Highway. Massive fire engulfing nearby vehicles. 5 feared dead. Evacuation underway.,Highly Critical
Minor collision at NH48 intersection. Both drivers alert and talking. Small dent on fender. Traffic moving.,Moderate
Drunk driver crashed into bus stop on Western Express Highway. 16 people killed. Several more in critical condition.,Highly Critical
Oil tanker fire on Ring Road. Thick black smoke visible for miles. 14 firefighters also injured in rescue.,Highly Critical
Minor collision at Noida Expressway intersection. Both drivers alert and talking. Small dent on fender. Traffic moving.,Moderate
Electrical pole fell on vehicles on Ring Road after accident. Live wires on ground. 13 electrocuted.,Highly Critical
"Low-speed collision in traffic jam on Outer Ring Road. Bumper to bumper touch. No injuries, minimal damage.",Moderate
Oil tanker fire on Eastern Express Highway. Thick black smoke visible for miles. 7 firefighters also injured in rescue.,Highly Critical
Truck side-view mirror hit signboard on Bypass Road. Mirror cracked. No other damage. Driver continued.,Moderate
"Hit and run on Ahmedabad-Vadodara Expressway. Victim dragged 1100 meters. Critical injuries, massive internal bleeding.",Highly Critical
Pedestrians hit by speeding truck on GT Road. 6 people critically injured including children. Blood on road.,Highly Critical
Bus grazed a bollard on Ahmedabad-Vadodara Expressway. Minor paint scrape. All passengers safe. Bus continued on route.,Moderate
Head-on collision between truck and car on Chennai-Bangalore Highway. 11 critically injured. Fuel leaking from tanker.,Highly Critical
Electric scooter tipped over on Kolkata-Delhi Highway. Rider unhurt but scooter has broken footrest. No collision.,Moderate
Slow-speed rear-end hit at Hosur Road toll plaza. Minor scratch. No injury. Both drivers exchanging information.,Moderate
Drunk driver crashed into bus stop on Airport Road. 20 people killed. Several more in critical condition.,Highly Critical
Food delivery bike slipped on Ring Road. Rider okay with helmet. Food spillage only. No traffic disruption.,Moderate
"Stampede triggered by accident on NH7. 17 people trampled. Chaos at scene, crowd control needed.",Highly Critical
Taxi and auto minor touch at Hosur Road corner. Both vehicles operational. Passengers unhurt. Horn argument ongoing.,Moderate
Severe accident on Bandra-Worli Sea Link. Vehicle rolled over multiple times. Passengers ejected. 25 in critical state.,Highly Critical
Tree branch fell on parked car at NH48. Windshield cracked. No one inside. Owner filing insurance.,Moderate
Vehicle rolled backward slightly on Ahmedabad-Vadodara Expressway slope. Tapped car behind. Tiny dent. No injuries at all.,Moderate
"Hit and run on GT Road. Victim dragged 600 meters. Critical injuries, massive internal bleeding.",Highly Critical
Auto-rickshaw and car minor scrape on Industrial Area Road. Slight mirror damage. Both drivers arguing but uninjured.,Moderate
"Stampede triggered by accident on Noida Expressway. 25 people trampled. Chaos at scene, crowd control needed.",Highly Critical
Bridge collapse on NH48 due to heavy vehicle overload. Multiple vehicles fallen. 16 people trapped below.,Highly Critical
Electrical pole fell on vehicles on Noida Expressway after accident. Live wires on ground. 14 electrocuted.,Highly Critical
Slow-speed rear-end hit at Bypass Road toll plaza. Minor scratch. No injury. Both drivers exchanging information.,Moderate
"Multi-vehicle collision on Yamuna Expressway. 24 people injured, 7 trapped in wreckage. Army called for assistance.",Highly Critical
Cyclist fell after hitting pothole on NH7. Minor knee scrape. Cyclist walked away pushing bike.,Moderate
Learner driver stalled at MG Road signal. Car behind honked and lightly tapped. Zero damage. Learning moment.,Moderate
Vehicle rolled backward slightly on NH7 slope. Tapped car behind. Tiny dent. No injuries at all.,Moderate
Car door opened into passing cyclist on Bandra-Worli Sea Link. Cyclist has minor elbow scratch. No serious injury.,Moderate
Car went over speed bump too fast on Pune-Bangalore Highway. Scraping sound underneath. No collision. Car seems fine.,Moderate
